Evaluation,SolutionId,EP,NHV
100,0,0.1372219911674311,0.22628394872362634
100,1,0.23199216116250598,0.4911757806389958
100,2,0.35632201540816844,0.5544898606902869
100,3,0.4319070587461794,0.7007395427390177
100,4,0.5904121200586492,0.8423620564124563
100,5,0.6093816383795279,0.8716094816778337
100,6,0.6402817427601808,0.9895537420848298
100,7,0.7668339612771156,0.9493693117551297
100,8,0.8700545104214654,0.9843612617729032
100,9,0.8607391499907446,1.0
100,10,0.9770166630552979,0.999850567151049
100,11,0.9910382720660991,1.0
100,12,1.0187353885063437,1.0
100,13,1.0196179124850089,1.0
100,14,1.0750792211860598,1.0
100,15,1.1375653872035956,1.0
100,16,1.1443214312578645,1.0
100,17,1.2496970183564458,1.0
100,18,1.2562195333115524,1.0
100,19,1.277397995039051,1.0
100,20,1.285511324522164,1.0
100,21,1.369545523713398,1.0
100,22,1.4589477613506745,1.0
100,23,1.5393387217662136,1.0
100,24,1.6562816051963918,1.0
100,25,1.66080028385612,1.0
100,26,1.6764210270091904,1.0
100,27,1.7137997272549508,1.0
100,28,1.7238384571763616,1.0
100,29,1.7803014489947975,1.0
100,30,1.845445978700309,1.0
100,31,1.945389033812688,1.0
100,32,1.9480430040549122,1.0
100,33,1.9857536800170468,1.0
100,34,1.9977987616130468,1.0
100,35,2.177402206528279,1.0
100,36,2.1795409738327103,1.0
100,37,2.219025155685256,1.0
100,38,2.2414579933790133,1.0
100,39,2.2836997027674513,1.0
100,40,2.3953904340775445,1.0
100,41,2.665711045502004,1.0
100,42,2.666349051160286,1.0
100,43,2.8719014330896186,1.0
100,44,3.034590952473016,1.0
100,45,3.1782147197679786,1.0
100,46,3.3521371537439015,1.0
100,47,3.3940781526356507,1.0
100,48,3.765754969450515,1.0
100,49,3.916194958011389,1.0
200,0,0.1372219911674311,0.22628394872362634
200,1,0.15424980694602025,0.28844340054904827
200,2,0.22787482232664724,0.4636244042596074
200,3,0.23199216116250598,0.4911757806389958
200,4,0.27123450777487307,0.4725272781582984
200,5,0.25857373502199393,0.49593781558686534
200,6,0.302073576520455,0.5359835521479432
200,7,0.2999911881826868,0.5597196205005464
200,8,0.35632201540816844,0.5544898606902869
200,9,0.3325891050569476,0.5769770470023693
200,10,0.3547958651003452,0.6027240183806181
200,11,0.3470877911817134,0.6041766734194765
200,12,0.35779447378284185,0.607532864209513
200,13,0.3910304208428351,0.6591345405361456
200,14,0.36011537374800173,0.6802698202798065
200,15,0.429300532197297,0.6690588197684424
200,16,0.3710862443249547,0.7065382818338051
200,17,0.4319070587461794,0.7007395427390177
200,18,0.4325741785936718,0.6981071868862405
200,19,0.42660084535658205,0.787540557556448
200,20,0.5797177811584721,0.7168052487589249
200,21,0.5904121200586492,0.8423620564124563
200,22,0.5857878169702466,0.8443757919889286
200,23,0.6093816383795279,0.8716094816778337
200,24,0.5870001122736873,0.898602053117996
200,25,0.5915768823104778,0.8731347016596013
200,26,0.6116466070664381,0.9208848307587187
200,27,0.6121717556299658,0.879488122479254
200,28,0.6402817427601808,0.9895537420848298
200,29,0.6531941786336751,0.9038426715528055
200,30,0.7005124368400798,0.9421611665218825
200,31,0.7492897115438183,0.9440107824608257
200,32,0.7668339612771156,0.9493693117551297
200,33,0.754048635059798,0.9841690881259025
200,34,0.7668897937283026,0.9534014619382306
200,35,0.7744719079340442,0.9531670484074347
200,36,0.8700545104214654,0.9843612617729032
200,37,0.7931265202843788,0.9947438420374722
200,38,0.9339981445182826,0.9810112047992965
200,39,0.9340059348455065,0.9809642367864752
200,40,0.8607391499907446,1.0
200,41,0.9448337074709764,0.9977524479008633
200,42,0.9770166630552979,0.999850567151049
200,43,0.9910382720660991,1.0
200,44,1.0061437282312604,1.0
200,45,1.0095822563002772,1.0
200,46,1.0187353885063437,1.0
200,47,1.0196179124850089,1.0
200,48,1.031184797669188,1.0
200,49,1.0462307142762273,1.0
300,0,0.04098161944726698,0.08838132387020825
300,1,0.0630411186747318,0.10405886699784672
300,2,0.06975218323606439,0.14629014717857824
300,3,0.0706435801208391,0.11899327365025669
300,4,0.07249141597709563,0.14499100976778356
300,5,0.08233846648923698,0.1314497246580183
300,6,0.08301956653231507,0.13150919805722194
300,7,0.10075544008402035,0.18318973277258377
300,8,0.11183975909457147,0.15244801186556978
300,9,0.1372219911674311,0.22628394872362634
300,10,0.1292662758887797,0.24772593264031662
300,11,0.17657076303449282,0.2348036029461722
300,12,0.13341272370779886,0.2606901679062026
300,13,0.15424980694602025,0.28844340054904827
300,14,0.17053805645429784,0.32678677461112604
300,15,0.1683465328485739,0.3311548395625956
300,16,0.22605369415544366,0.38655800078135494
300,17,0.20720626927915298,0.4191543170178742
300,18,0.2599808311025108,0.4182720877457907
300,19,0.22787482232664724,0.4636244042596074
300,20,0.25183649318591184,0.4563510090497248
300,21,0.31047582382622907,0.4355716051955988
300,22,0.23199216116250598,0.4911757806389958
300,23,0.2389373081411707,0.47129024352147975
300,24,0.25197813117695855,0.46994662939516485
300,25,0.27123450777487307,0.4725272781582984
300,26,0.25857373502199393,0.49593781558686534
300,27,0.2630296655099943,0.4751093159084988
300,28,0.2901726593058477,0.48679392894047824
300,29,0.28463971210719063,0.511331578968772
300,30,0.28353934701874883,0.5537682800998938
300,31,0.302073576520455,0.5359835521479432
300,32,0.2999911881826868,0.5597196205005464
300,33,0.32706557095706607,0.5389617506410547
300,34,0.303368943980475,0.5418007270270271
300,35,0.35632201540816844,0.5544898606902869
300,36,0.3156886485690626,0.5708863957345927
300,37,0.3325891050569476,0.5769770470023693
300,38,0.33913134694201125,0.6290480913450489
300,39,0.3452104803106508,0.6009488182172205
300,40,0.34299406963813145,0.6561353728402212
300,41,0.3547958651003452,0.6027240183806181
300,42,0.3470877911817134,0.6041766734194765
300,43,0.35779447378284185,0.607532864209513
300,44,0.35273465988776836,0.6247734356345231
300,45,0.3767748737751917,0.6180036821562251
300,46,0.36011537374800173,0.6802698202798065
300,47,0.43526779053102954,0.6282609330701311
300,48,0.36593699012631214,0.7212735158070919
300,49,0.3910304208428351,0.6591345405361456
400,0,0.022297450420946052,0.027517417361239804
400,1,0.022084870652462896,0.03461033757419074
400,2,0.030982826033959604,0.036034615299840644
400,3,0.03528044052776183,0.06316472035573584
400,4,0.04978248791056594,0.07711207943357024
400,5,0.03888689889505964,0.0782162699940453
400,6,0.04098161944726698,0.08838132387020825
400,7,0.04208433787328031,0.0786061001639834
400,8,0.046457798263238065,0.09934647713144085
400,9,0.04738783622437054,0.08570202414380135
400,10,0.0630411186747318,0.10405886699784672
400,11,0.06122189574342202,0.11856460847730643
400,12,0.060809545775420845,0.13117206573607443
400,13,0.06109431168439002,0.12960229077605512
400,14,0.0706435801208391,0.11899327365025669
400,15,0.06770595805930714,0.13198243339410098
400,16,0.08233846648923698,0.1314497246580183
400,17,0.06975218323606439,0.14629014717857824
400,18,0.07185569202090124,0.14186500950366676
400,19,0.08301956653231507,0.13150919805722194
400,20,0.07249141597709563,0.14499100976778356
400,21,0.08707632953742625,0.13516026428909722
400,22,0.08377088936319765,0.1358084997697101
400,23,0.08191933966372056,0.16666782150302972
400,24,0.10863688743756073,0.13817291856873248
400,25,0.08376969674306514,0.17077760984382373
400,26,0.11183975909457147,0.15244801186556978
400,27,0.08992904397181196,0.18685832381448364
400,28,0.09272335087114067,0.18217506316502174
400,29,0.11490359373153869,0.18109167676457183
400,30,0.11882237846917831,0.153359732477946
400,31,0.10075544008402035,0.18318973277258377
400,32,0.0973812566099669,0.20566542704836177
400,33,0.1471629174164641,0.16716310616210994
400,34,0.13002070666045892,0.17241968676348685
400,35,0.098256875255604,0.21938476687167519
400,36,0.18054655526226351,0.2080002655213138
400,37,0.1372219911674311,0.22628394872362634
400,38,0.11805610404297256,0.2319236694813912
400,39,0.1292662758887797,0.24772593264031662
400,40,0.17657076303449282,0.2348036029461722
400,41,0.14087919257682013,0.2361338911934704
400,42,0.13341272370779886,0.2606901679062026
400,43,0.13679540542364174,0.2770712237189664
400,44,0.13811431623239775,0.3078683128933769
400,45,0.14529747885613792,0.28733476191836826
400,46,0.15424980694602025,0.28844340054904827
400,47,0.15229282533309027,0.2998142080835441
400,48,0.15968276436261766,0.30582386874086975
400,49,0.16484642753795756,0.3243391949293911
500,0,0.010046287087370875,0.006991849363272129
500,1,0.012189523094319421,0.01406703201245596
500,2,0.022297450420946052,0.027517417361239804
500,3,0.022084870652462896,0.03461033757419074
500,4,0.021357500724861533,0.03600232773299328
500,5,0.030982826033959604,0.036034615299840644
500,6,0.029498273392231822,0.04849087999280921
500,7,0.03401251655054027,0.04066260500521146
500,8,0.03488230130083808,0.05198420918072899
500,9,0.03528044052776183,0.06316472035573584
500,10,0.035706922149071785,0.0604039288100664
500,11,0.03888689889505964,0.0782162699940453
500,12,0.043959850969273184,0.06256980236462928
500,13,0.03919611387449762,0.06685382211321467
500,14,0.03856873131839322,0.07917482472393567
500,15,0.05081507781852779,0.0655993131827537
500,16,0.040243160922274424,0.0774309986270365
500,17,0.04133818395047778,0.07566726646520927
500,18,0.04277496992616736,0.07468219296303324
500,19,0.039025427368618526,0.08679082027934115
500,20,0.06295159225095298,0.06691009908906953
500,21,0.05938619552325741,0.07409912110552841
500,22,0.04208433787328031,0.0786061001639834
500,23,0.04978248791056594,0.07711207943357024
500,24,0.04098161944726698,0.08838132387020825
500,25,0.04738783622437054,0.08570202414380135
500,26,0.060478556045441084,0.08396788890445372
500,27,0.046457798263238065,0.09934647713144085
500,28,0.050902886049511126,0.09393191464161754
500,29,0.050078912217663724,0.09587206838856477
500,30,0.0503015383111525,0.09712757113289738
500,31,0.05143264097589939,0.0986259232557154
500,32,0.05114005123623738,0.11419249174597645
500,33,0.057885878371704114,0.10091491309045408
500,34,0.05654674886158417,0.10499061395515552
500,35,0.05343808820843693,0.10963055627315599
500,36,0.0630411186747318,0.10405886699784672
500,37,0.06499061487565877,0.10280230885720232
500,38,0.06273561598803046,0.10940111658539864
500,39,0.06028306942959985,0.11791980337416275
500,40,0.056842496710876045,0.11864581538718721
500,41,0.07204106197648075,0.10703026094465107
500,42,0.06479093417316825,0.1133848831033466
500,43,0.06800857766692231,0.10986246952526302
500,44,0.06122189574342202,0.11856460847730643
500,45,0.06288037642525338,0.11826106469597186
500,46,0.060809545775420845,0.13117206573607443
500,47,0.06109431168439002,0.12960229077605512
500,48,0.0672288776165641,0.11403912913453207
500,49,0.096956105502034,0.11081300306806652
600,0,0.010046287087370875,0.006991849363272129
600,1,0.012189523094319421,0.01406703201245596
600,2,0.013877175417086288,0.008830373909225808
600,3,0.02564467703738943,0.014767003946564827
600,4,0.01534102061609581,0.019343763766291544
600,5,0.022297450420946052,0.027517417361239804
600,6,0.022084870652462896,0.03461033757419074
600,7,0.021357500724861533,0.03600232773299328
600,8,0.030982826033959604,0.036034615299840644
600,9,0.02553762907296475,0.0461454288206562
600,10,0.027875550046409972,0.04520150964740177
600,11,0.030240092063968826,0.04256044658701841
600,12,0.03401251655054027,0.04066260500521146
600,13,0.02699663925339396,0.054072217745122164
600,14,0.029498273392231822,0.04849087999280921
600,15,0.029473206390084383,0.0502164384730146
600,16,0.03176660792322222,0.04493172048959604
600,17,0.028485182344610116,0.05825325174942886
600,18,0.03101571416578064,0.0497920534318137
600,19,0.03214184771833731,0.06515210564991492
600,20,0.03303969504259169,0.05204931164505566
600,21,0.034229785612759744,0.050146132094632145
600,22,0.03349202013527536,0.06704358238188202
600,23,0.03348206278329258,0.07417948450872947
600,24,0.03488230130083808,0.05198420918072899
600,25,0.03528044052776183,0.06316472035573584
600,26,0.035706922149071785,0.0604039288100664
600,27,0.037091944461356,0.056224657032454495
600,28,0.035199823615009465,0.07792013858541347
600,29,0.0526542249570936,0.05375297822987746
600,30,0.03671816203222655,0.06404154354273117
600,31,0.039147836381142165,0.05634245652487546
600,32,0.0374061921734391,0.06379748160343834
600,33,0.0374087995818253,0.06061681193530244
600,34,0.035873542083750744,0.07866847968863844
600,35,0.04215530172693155,0.06025123376950736
600,36,0.03919611387449762,0.06685382211321467
600,37,0.03936507122617888,0.06416030778570647
600,38,0.038325531303330884,0.06796356798278358
600,39,0.043959850969273184,0.06256980236462928
600,40,0.04479103933127587,0.0614823316636538
600,41,0.03888689889505964,0.0782162699940453
600,42,0.03856873131839322,0.07917482472393567
600,43,0.040243160922274424,0.0774309986270365
600,44,0.04037598211513954,0.0721534714239015
600,45,0.05081507781852779,0.0655993131827537
600,46,0.039025427368618526,0.08679082027934115
600,47,0.04277496992616736,0.07468219296303324
600,48,0.03960376473491306,0.08132369475524281
600,49,0.04081173402290461,0.07751447790336274
700,0,0.010046287087370875,0.006991849363272129
700,1,0.012189523094319421,0.01406703201245596
700,2,0.013877175417086288,0.008830373909225808
700,3,0.013795840793417002,0.010280474044756738
700,4,0.014026285696590937,0.011831381992899681
700,5,0.02564467703738943,0.014767003946564827
700,6,0.01534102061609581,0.019343763766291544
700,7,0.019369607348402762,0.01876249029481536
700,8,0.028924259555661247,0.01796888521768536
700,9,0.027374299587935025,0.018155711053642554
700,10,0.018568334145601773,0.037246571885208746
700,11,0.01928058060858374,0.02989039335791599
700,12,0.019041490820112972,0.035167820134716865
700,13,0.022297450420946052,0.027517417361239804
700,14,0.02448891549793414,0.024482219226127477
700,15,0.019615426082733783,0.030016090216990365
700,16,0.03203588320429113,0.02929412885592808
700,17,0.026314246683989656,0.02947880286056115
700,18,0.022084870652462896,0.03461033757419074
700,19,0.021357500724861533,0.03600232773299328
700,20,0.021214647979968637,0.04264858858946752
700,21,0.02630476989370592,0.032604803813920724
700,22,0.02531377477646335,0.035838906966789486
700,23,0.02165027228592209,0.03752928583966331
700,24,0.030982826033959604,0.036034615299840644
700,25,0.02553762907296475,0.0461454288206562
700,26,0.027875550046409972,0.04520150964740177
700,27,0.023732948802636822,0.04978891157811449
700,28,0.029980420457902418,0.038175223683390436
700,29,0.050442805153755654,0.03713817397116581
700,30,0.02796869944247843,0.04794549732929754
700,31,0.0246036887885131,0.053004051214666115
700,32,0.030240092063968826,0.04256044658701841
700,33,0.03401251655054027,0.04066260500521146
700,34,0.03825778951937364,0.040234147600067716
700,35,0.029498273392231822,0.04849087999280921
700,36,0.029473206390084383,0.0502164384730146
700,37,0.02699663925339396,0.054072217745122164
700,38,0.03176660792322222,0.04493172048959604
700,39,0.03278441113268604,0.044502188089371564
700,40,0.03101571416578064,0.0497920534318137
700,41,0.028485182344610116,0.05825325174942886
700,42,0.029441717182700555,0.054096294784726884
700,43,0.037384045258501586,0.04837489921402838
700,44,0.04800317359963066,0.045503562430230016
700,45,0.03303969504259169,0.05204931164505566
700,46,0.034229785612759744,0.050146132094632145
700,47,0.03214184771833731,0.06515210564991492
700,48,0.033106518657559814,0.06003035631830167
700,49,0.03488230130083808,0.05198420918072899
800,0,0.010046287087370875,0.006991849363272129
800,1,0.0074663049129438126,0.007168974693813501
800,2,0.012189523094319421,0.01406703201245596
800,3,0.013877175417086288,0.008830373909225808
800,4,0.013795840793417002,0.010280474044756738
800,5,0.014026285696590937,0.011831381992899681
800,6,0.013819447671467922,0.025059577218885964
800,7,0.02564467703738943,0.014767003946564827
800,8,0.01534102061609581,0.019343763766291544
800,9,0.019369607348402762,0.01876249029481536
800,10,0.014588768245221706,0.02379123016436946
800,11,0.028924259555661247,0.01796888521768536
800,12,0.027374299587935025,0.018155711053642554
800,13,0.015728701340782636,0.02467760019436971
800,14,0.02448891549793414,0.024482219226127477
800,15,0.01708342450417133,0.026423151785375687
800,16,0.022297450420946052,0.027517417361239804
800,17,0.017548188654600283,0.029327658827302816
800,18,0.03203588320429113,0.02929412885592808
800,19,0.018568334145601773,0.037246571885208746
800,20,0.01928058060858374,0.02989039335791599
800,21,0.019041490820112972,0.035167820134716865
800,22,0.026314246683989656,0.02947880286056115
800,23,0.019615426082733783,0.030016090216990365
800,24,0.022084870652462896,0.03461033757419074
800,25,0.02630476989370592,0.032604803813920724
800,26,0.020371938946550816,0.03527599503249601
800,27,0.021357500724861533,0.03600232773299328
800,28,0.021214647979968637,0.04264858858946752
800,29,0.02531377477646335,0.035838906966789486
800,30,0.02165027228592209,0.03752928583966331
800,31,0.030982826033959604,0.036034615299840644
800,32,0.026467520119663246,0.037391279865200855
800,33,0.023732948802636822,0.04978891157811449
800,34,0.023574796884406224,0.052147876888087086
800,35,0.02380962156485622,0.048730226709374436
800,36,0.024042053846475175,0.03863190592756338
800,37,0.050442805153755654,0.03713817397116581
800,38,0.029980420457902418,0.038175223683390436
800,39,0.025231083369437107,0.03948427615460781
800,40,0.0246036887885131,0.053004051214666115
800,41,0.03176052987627648,0.03943895993151603
800,42,0.02553762907296475,0.0461454288206562
800,43,0.026792708840448376,0.04042944488219824
800,44,0.03825778951937364,0.040234147600067716
800,45,0.025885986815206263,0.04958853925353268
800,46,0.03401251655054027,0.04066260500521146
800,47,0.030240092063968826,0.04256044658701841
800,48,0.026592564731056978,0.04718286704799268
800,49,0.030170260536228066,0.04444016664259065
900,0,0.0074663049129438126,0.007168974693813501
900,1,0.0091038034039983,0.006826747488822726
900,2,0.010046287087370875,0.006991849363272129
900,3,0.012189523094319421,0.01406703201245596
900,4,0.013877175417086288,0.008830373909225808
900,5,0.013795840793417002,0.010280474044756738
900,6,0.01701897357703208,0.00915090429679799
900,7,0.014026285696590937,0.011831381992899681
900,8,0.013819447671467922,0.025059577218885964
900,9,0.02564467703738943,0.014767003946564827
900,10,0.01534102061609581,0.019343763766291544
900,11,0.019369607348402762,0.01876249029481536
900,12,0.014588768245221706,0.02379123016436946
900,13,0.019381732148654685,0.017264934381959085
900,14,0.015204819698298067,0.023247503633724187
900,15,0.015801916199559812,0.02233264374186572
900,16,0.0183432551282105,0.022241303378731647
900,17,0.028924259555661247,0.01796888521768536
900,18,0.027374299587935025,0.018155711053642554
900,19,0.02655018716837354,0.019112754633614504
900,20,0.015728701340782636,0.02467760019436971
900,21,0.01551338026049015,0.02960842652511897
900,22,0.02233690889857553,0.023947156871904962
900,23,0.01708342450417133,0.026423151785375687
900,24,0.017326038398353005,0.025448916656375054
900,25,0.02448891549793414,0.024482219226127477
900,26,0.022297450420946052,0.027517417361239804
900,27,0.017548188654600283,0.029327658827302816
900,28,0.02591374918268824,0.028029926430651497
900,29,0.018568334145601773,0.037246571885208746
900,30,0.01928058060858374,0.02989039335791599
900,31,0.019041490820112972,0.035167820134716865
900,32,0.018390292021503163,0.03727719012302688
900,33,0.03203588320429113,0.02929412885592808
900,34,0.026314246683989656,0.02947880286056115
900,35,0.03522389268065081,0.02831662054762707
900,36,0.019615426082733783,0.030016090216990365
900,37,0.022084870652462896,0.03461033757419074
900,38,0.020371938946550816,0.03527599503249601
900,39,0.020158261936109645,0.03730124721143924
900,40,0.022111314405430404,0.03136812961565694
900,41,0.021357500724861533,0.03600232773299328
900,42,0.02047218110400184,0.04010381198136692
900,43,0.02630476989370592,0.032604803813920724
900,44,0.02531377477646335,0.035838906966789486
900,45,0.02165027228592209,0.03752928583966331
900,46,0.021214647979968637,0.04264858858946752
900,47,0.028989191114525803,0.0332495494121442
900,48,0.026467520119663246,0.037391279865200855
900,49,0.022262997490219316,0.04118963641744966
1000,0,0.0074663049129438126,0.007168974693813501
1000,1,0.0091038034039983,0.006826747488822726
1000,2,0.007631171266246052,0.0069616921441620905
1000,3,0.010046287087370875,0.006991849363272129
1000,4,0.008455116016345687,0.007354157243591564
1000,5,0.012189523094319421,0.01406703201245596
1000,6,0.013877175417086288,0.008830373909225808
1000,7,0.013795840793417002,0.010280474044756738
1000,8,0.013440404885420143,0.019881167687119894
1000,9,0.01701897357703208,0.00915090429679799
1000,10,0.014026285696590937,0.011831381992899681
1000,11,0.013819447671467922,0.025059577218885964
1000,12,0.01783319485140794,0.0098481359533783
1000,13,0.01534102061609581,0.019343763766291544
1000,14,0.014588768245221706,0.02379123016436946
1000,15,0.015204819698298067,0.023247503633724187
1000,16,0.02564467703738943,0.014767003946564827
1000,17,0.01826091794064834,0.015253079276551174
1000,18,0.015801916199559812,0.02233264374186572
1000,19,0.015728701340782636,0.02467760019436971
1000,20,0.01551338026049015,0.02960842652511897
1000,21,0.019369607348402762,0.01876249029481536
1000,22,0.019381732148654685,0.017264934381959085
1000,23,0.0183432551282105,0.022241303378731647
1000,24,0.01708342450417133,0.026423151785375687
1000,25,0.017326038398353005,0.025448916656375054
1000,26,0.01596493563073359,0.028876000264170365
1000,27,0.02138649327055664,0.017674802772246867
1000,28,0.01614946672772216,0.02979291317435684
1000,29,0.017548188654600283,0.029327658827302816
1000,30,0.028924259555661247,0.01796888521768536
1000,31,0.027374299587935025,0.018155711053642554
1000,32,0.02655018716837354,0.019112754633614504
1000,33,0.02233690889857553,0.023947156871904962
1000,34,0.022297450420946052,0.027517417361239804
1000,35,0.018568334145601773,0.037246571885208746
1000,36,0.01928058060858374,0.02989039335791599
1000,37,0.019041490820112972,0.035167820134716865
1000,38,0.018390292021503163,0.03727719012302688
1000,39,0.02448891549793414,0.024482219226127477
1000,40,0.024192262373514573,0.02700019457449021
1000,41,0.02370173842225437,0.02823309995920098
1000,42,0.019615426082733783,0.030016090216990365
1000,43,0.02591374918268824,0.028029926430651497
1000,44,0.022084870652462896,0.03461033757419074
1000,45,0.020371938946550816,0.03527599503249601
1000,46,0.020158261936109645,0.03730124721143924
1000,47,0.022111314405430404,0.03136812961565694
1000,48,0.03522389268065081,0.02831662054762707
1000,49,0.02047218110400184,0.04010381198136692
1100,0,0.0072026563715303915,0.006773458139546995
1100,1,0.0074663049129438126,0.007168974693813501
1100,2,0.0091038034039983,0.006826747488822726
1100,3,0.007631171266246052,0.0069616921441620905
1100,4,0.010046287087370875,0.006991849363272129
1100,5,0.008455116016345687,0.007354157243591564
1100,6,0.009590664132926058,0.007560690184949093
1100,7,0.011239916950358787,0.0076479664683277715
1100,8,0.01039663434582172,0.016644820225338086
1100,9,0.012189523094319421,0.01406703201245596
1100,10,0.013877175417086288,0.008830373909225808
1100,11,0.013795840793417002,0.010280474044756738
1100,12,0.012077326451550907,0.019998125930232757
1100,13,0.013440404885420143,0.019881167687119894
1100,14,0.01701897357703208,0.00915090429679799
1100,15,0.014026285696590937,0.011831381992899681
1100,16,0.013121634695365925,0.02431041320741567
1100,17,0.01369905716392128,0.022013425843986023
1100,18,0.01783319485140794,0.0098481359533783
1100,19,0.01534102061609581,0.019343763766291544
1100,20,0.014596542737386697,0.02010541255592957
1100,21,0.013819447671467922,0.025059577218885964
1100,22,0.01449327143936091,0.022423768074711692
1100,23,0.02564467703738943,0.014767003946564827
1100,24,0.01826091794064834,0.015253079276551174
1100,25,0.02015970524274746,0.014896573644688549
1100,26,0.015801916199559812,0.02233264374186572
1100,27,0.014588768245221706,0.02379123016436946
1100,28,0.015204819698298067,0.023247503633724187
1100,29,0.019369607348402762,0.01876249029481536
1100,30,0.019381732148654685,0.017264934381959085
1100,31,0.0183432551282105,0.022241303378731647
1100,32,0.015728701340782636,0.02467760019436971
1100,33,0.01551338026049015,0.02960842652511897
1100,34,0.02138649327055664,0.017674802772246867
1100,35,0.018838945878459024,0.023835299033788893
1100,36,0.021073371684101838,0.02224968796619531
1100,37,0.01708342450417133,0.026423151785375687
1100,38,0.017326038398353005,0.025448916656375054
1100,39,0.01596493563073359,0.028876000264170365
1100,40,0.028924259555661247,0.01796888521768536
1100,41,0.027374299587935025,0.018155711053642554
1100,42,0.02655018716837354,0.019112754633614504
1100,43,0.023899891047890254,0.021320896091443386
1100,44,0.02233690889857553,0.023947156871904962
1100,45,0.01614946672772216,0.02979291317435684
1100,46,0.03162204732336876,0.021709298325707338
1100,47,0.02448891549793414,0.024482219226127477
1100,48,0.020472752352944518,0.027990092165563807
1100,49,0.024192262373514573,0.02700019457449021
1200,0,0.0072026563715303915,0.006773458139546995
1200,1,0.0074663049129438126,0.007168974693813501
1200,2,0.0091038034039983,0.006826747488822726
1200,3,0.007631171266246052,0.0069616921441620905
1200,4,0.009164241998747324,0.006798971040786306
1200,5,0.008455116016345687,0.007354157243591564
1200,6,0.00894037318953761,0.007212574479616651
1200,7,0.010046287087370875,0.006991849363272129
1200,8,0.009024726249119042,0.007414464551650846
1200,9,0.01100543790256514,0.006997921083331304
1200,10,0.009590664132926058,0.007560690184949093
1200,11,0.010733171666603423,0.0075091704919417746
1200,12,0.01039663434582172,0.016644820225338086
1200,13,0.011239916950358787,0.0076479664683277715
1200,14,0.015857472498319675,0.0075296839690097705
1200,15,0.012189523094319421,0.01406703201245596
1200,16,0.012077326451550907,0.019998125930232757
1200,17,0.012491429491906292,0.007952645863542829
1200,18,0.013877175417086288,0.008830373909225808
1200,19,0.013795840793417002,0.010280474044756738
1200,20,0.013440404885420143,0.019881167687119894
1200,21,0.013121634695365925,0.02431041320741567
1200,22,0.01701897357703208,0.00915090429679799
1200,23,0.014026285696590937,0.011831381992899681
1200,24,0.01369905716392128,0.022013425843986023
1200,25,0.01783319485140794,0.0098481359533783
1200,26,0.018673274622636765,0.009373330847551542
1200,27,0.014596542737386697,0.02010541255592957
1200,28,0.015302787732115797,0.01770987500705834
1200,29,0.013819447671467922,0.025059577218885964
1200,30,0.01449327143936091,0.022423768074711692
1200,31,0.01826091794064834,0.015253079276551174
1200,32,0.02564467703738943,0.014767003946564827
1200,33,0.02015970524274746,0.014896573644688549
1200,34,0.01534102061609581,0.019343763766291544
1200,35,0.014480185075469998,0.026317159741283236
1200,36,0.014588768245221706,0.02379123016436946
1200,37,0.015204819698298067,0.023247503633724187
1200,38,0.019369607348402762,0.01876249029481536
1200,39,0.019381732148654685,0.017264934381959085
1200,40,0.026838186868531483,0.016474284987581633
1200,41,0.015801916199559812,0.02233264374186572
1200,42,0.017225341323149068,0.021406826096009857
1200,43,0.015728701340782636,0.02467760019436971
1200,44,0.01551338026049015,0.02960842652511897
1200,45,0.02138649327055664,0.017674802772246867
1200,46,0.01596493563073359,0.028876000264170365
1200,47,0.0183432551282105,0.022241303378731647
1200,48,0.017326038398353005,0.025448916656375054
1200,49,0.01708342450417133,0.026423151785375687
1300,0,0.0072026563715303915,0.006773458139546995
1300,1,0.007137330018774812,0.006782177622303598
1300,2,0.0074663049129438126,0.007168974693813501
1300,3,0.0091038034039983,0.006826747488822726
1300,4,0.007631171266246052,0.0069616921441620905
1300,5,0.009164241998747324,0.006798971040786306
1300,6,0.008455116016345687,0.007354157243591564
1300,7,0.00894037318953761,0.007212574479616651
1300,8,0.008021678172142166,0.0074503530232393755
1300,9,0.010046287087370875,0.006991849363272129
1300,10,0.00929020524658472,0.0069995980003894065
1300,11,0.009024726249119042,0.007414464551650846
1300,12,0.0084173202923144,0.007574046590866246
1300,13,0.01100543790256514,0.006997921083331304
1300,14,0.009590664132926058,0.007560690184949093
1300,15,0.010733171666603423,0.0075091704919417746
1300,16,0.01098680177879599,0.007423858956292717
1300,17,0.01039663434582172,0.016644820225338086
1300,18,0.011239916950358787,0.0076479664683277715
1300,19,0.015857472498319675,0.0075296839690097705
1300,20,0.012189523094319421,0.01406703201245596
1300,21,0.012077326451550907,0.019998125930232757
1300,22,0.012491429491906292,0.007952645863542829
1300,23,0.013420045040499123,0.007895041529653257
1300,24,0.013121634695365925,0.02431041320741567
1300,25,0.013252862899352097,0.009257940519028396
1300,26,0.013877175417086288,0.008830373909225808
1300,27,0.013795840793417002,0.010280474044756738
1300,28,0.013440404885420143,0.019881167687119894
1300,29,0.01701897357703208,0.00915090429679799
1300,30,0.014026285696590937,0.011831381992899681
1300,31,0.01369905716392128,0.022013425843986023
1300,32,0.01783319485140794,0.0098481359533783
1300,33,0.018673274622636765,0.009373330847551542
1300,34,0.014052166745148642,0.015294895117235363
1300,35,0.013819447671467922,0.025059577218885964
1300,36,0.01826091794064834,0.015253079276551174
1300,37,0.018414739379115683,0.01094546979041311
1300,38,0.014596542737386697,0.02010541255592957
1300,39,0.015302787732115797,0.01770987500705834
1300,40,0.01449327143936091,0.022423768074711692
1300,41,0.014480185075469998,0.026317159741283236
1300,42,0.018982497866108283,0.012284998896178734
1300,43,0.018957047550199384,0.01480607987826743
1300,44,0.014535607590967836,0.026206421792485668
1300,45,0.020124004150536334,0.012767619511425243
1300,46,0.01534102061609581,0.019343763766291544
1300,47,0.019369607348402762,0.01876249029481536
1300,48,0.01940777871010528,0.016397517264731598
1300,49,0.015204819698298067,0.023247503633724187
1400,0,0.0072026563715303915,0.006773458139546995
1400,1,0.007137330018774812,0.006782177622303598
1400,2,0.008032764568764617,0.006588174358508225
1400,3,0.0074663049129438126,0.007168974693813501
1400,4,0.007631171266246052,0.0069616921441620905
1400,5,0.0091038034039983,0.006826747488822726
1400,6,0.009164241998747324,0.006798971040786306
1400,7,0.008021678172142166,0.0074503530232393755
1400,8,0.008027970701066409,0.006973377776802403
1400,9,0.008455116016345687,0.007354157243591564
1400,10,0.00894037318953761,0.007212574479616651
1400,11,0.010046287087370875,0.006991849363272129
1400,12,0.00929020524658472,0.0069995980003894065
1400,13,0.0084173202923144,0.007574046590866246
1400,14,0.009024726249119042,0.007414464551650846
1400,15,0.01100543790256514,0.006997921083331304
1400,16,0.009590664132926058,0.007560690184949093
1400,17,0.010733171666603423,0.0075091704919417746
1400,18,0.01098680177879599,0.007423858956292717
1400,19,0.01194158656334477,0.0070087294839323855
1400,20,0.01039663434582172,0.016644820225338086
1400,21,0.010849408148418949,0.008288548897385506
1400,22,0.011239916950358787,0.0076479664683277715
1400,23,0.012989011676983075,0.007523678549255508
1400,24,0.010973281390364117,0.008724242045557773
1400,25,0.01229597089429768,0.00791231973307327
1400,26,0.012958450926030117,0.0076698293004469065
1400,27,0.015857472498319675,0.0075296839690097705
1400,28,0.012189523094319421,0.01406703201245596
1400,29,0.012077326451550907,0.019998125930232757
1400,30,0.012491429491906292,0.007952645863542829
1400,31,0.013420045040499123,0.007895041529653257
1400,32,0.012933530394792198,0.008749280865099851
1400,33,0.017575556420426658,0.00800879460428039
1400,34,0.014370387269362517,0.008368564069118123
1400,35,0.013121634695365925,0.02431041320741567
1400,36,0.013252862899352097,0.009257940519028396
1400,37,0.013877175417086288,0.008830373909225808
1400,38,0.014762124100384098,0.00852874963805561
1400,39,0.013795840793417002,0.010280474044756738
1400,40,0.013440404885420143,0.019881167687119894
1400,41,0.01485895245443103,0.008912678166723031
1400,42,0.014026285696590937,0.011831381992899681
1400,43,0.01369905716392128,0.022013425843986023
1400,44,0.01701897357703208,0.00915090429679799
1400,45,0.017236805040393294,0.009034717255002711
1400,46,0.015159408502836896,0.009567854764289008
1400,47,0.013819447671467922,0.025059577218885964
1400,48,0.023410151776212,0.009172603439681848
1400,49,0.014052166745148642,0.015294895117235363
1500,0,0.007137330018774812,0.006782177622303598
1500,1,0.008032764568764617,0.006588174358508225
1500,2,0.007201642200483138,0.006717468347504751
1500,3,0.0072026563715303915,0.006773458139546995
1500,4,0.007430336523013004,0.006743074645729985
1500,5,0.007294750520033741,0.006790382645058157
1500,6,0.0074663049129438126,0.007168974693813501
1500,7,0.007631171266246052,0.0069616921441620905
1500,8,0.0091038034039983,0.006826747488822726
1500,9,0.009164241998747324,0.006798971040786306
1500,10,0.007388360985301833,0.007354477465450482
1500,11,0.008027970701066409,0.006973377776802403
1500,12,0.007685992302066125,0.007402829318633453
1500,13,0.008455116016345687,0.007354157243591564
1500,14,0.00894037318953761,0.007212574479616651
1500,15,0.010046287087370875,0.006991849363272129
1500,16,0.00929020524658472,0.0069995980003894065
1500,17,0.008021678172142166,0.0074503530232393755
1500,18,0.009024726249119042,0.007414464551650846
1500,19,0.01100543790256514,0.006997921083331304
1500,20,0.009334448202928109,0.007134942797707211
1500,21,0.0084173202923144,0.007574046590866246
1500,22,0.008823232414829033,0.007499311865105884
1500,23,0.01194158656334477,0.0070087294839323855
1500,24,0.01098680177879599,0.007423858956292717
1500,25,0.009590664132926058,0.007560690184949093
1500,26,0.010733171666603423,0.0075091704919417746
1500,27,0.013232733500507465,0.007088380593595733
1500,28,0.01039663434582172,0.016644820225338086
1500,29,0.010849408148418949,0.008288548897385506
1500,30,0.01083485435274345,0.009287598743838776
1500,31,0.010998549312117467,0.007510934769602073
1500,32,0.010973281390364117,0.008724242045557773
1500,33,0.011239916950358787,0.0076479664683277715
1500,34,0.012989011676983075,0.007523678549255508
1500,35,0.01123107238020421,0.008212441252748115
1500,36,0.012958450926030117,0.0076698293004469065
1500,37,0.01248753073620823,0.007696725568569596
1500,38,0.011267906333637168,0.007829557706451995
1500,39,0.015857472498319675,0.0075296839690097705
1500,40,0.01229597089429768,0.00791231973307327
1500,41,0.013420045040499123,0.007895041529653257
1500,42,0.011745974437076312,0.00797613258392027
1500,43,0.012491429491906292,0.007952645863542829
1500,44,0.012189523094319421,0.01406703201245596
1500,45,0.012077326451550907,0.019998125930232757
1500,46,0.012933530394792198,0.008749280865099851
1500,47,0.017575556420426658,0.00800879460428039
1500,48,0.013792021098350093,0.008166790037255622
1500,49,0.013242222278642857,0.008553560517644776
1600,0,0.008032764568764617,0.006588174358508225
1600,1,0.006664204682771735,0.006590913496734352
1600,2,0.007137330018774812,0.006782177622303598
1600,3,0.007201642200483138,0.006717468347504751
1600,4,0.0072026563715303915,0.006773458139546995
1600,5,0.007430336523013004,0.006743074645729985
1600,6,0.007294750520033741,0.006790382645058157
1600,7,0.01104715100110465,0.006788403857036052
1600,8,0.0074663049129438126,0.007168974693813501
1600,9,0.007631171266246052,0.0069616921441620905
1600,10,0.0091038034039983,0.006826747488822726
1600,11,0.009164241998747324,0.006798971040786306
1600,12,0.007388360985301833,0.007354477465450482
1600,13,0.008027970701066409,0.006973377776802403
1600,14,0.010450127442102497,0.006954152763577692
1600,15,0.007685992302066125,0.007402829318633453
1600,16,0.010046287087370875,0.006991849363272129
1600,17,0.00929020524658472,0.0069995980003894065
1600,18,0.008245584701515818,0.007018097017640446
1600,19,0.008021678172142166,0.0074503530232393755
1600,20,0.01100543790256514,0.006997921083331304
1600,21,0.00826521675930919,0.007132765816405762
1600,22,0.01194158656334477,0.0070087294839323855
1600,23,0.008455116016345687,0.007354157243591564
1600,24,0.009334448202928109,0.007134942797707211
1600,25,0.0084173202923144,0.007574046590866246
1600,26,0.00846099221548885,0.0072057989914542375
1600,27,0.013232733500507465,0.007088380593595733
1600,28,0.010446674885642222,0.007197062246677155
1600,29,0.00894037318953761,0.007212574479616651
1600,30,0.008823232414829033,0.007499311865105884
1600,31,0.012297338978219738,0.0072050043168649935
1600,32,0.009024726249119042,0.007414464551650846
1600,33,0.011198773147555179,0.007250224565845009
1600,34,0.009590664132926058,0.007560690184949093
1600,35,0.01098680177879599,0.007423858956292717
1600,36,0.010733171666603423,0.0075091704919417746
1600,37,0.01039663434582172,0.016644820225338086
1600,38,0.010471962132682436,0.008111195339806754
1600,39,0.010998549312117467,0.007510934769602073
1600,40,0.010849408148418949,0.008288548897385506
1600,41,0.01083485435274345,0.009287598743838776
1600,42,0.011239916950358787,0.0076479664683277715
1600,43,0.012989011676983075,0.007523678549255508
1600,44,0.01123107238020421,0.008212441252748115
1600,45,0.011342080720459197,0.007544598765978239
1600,46,0.010973281390364117,0.008724242045557773
1600,47,0.015857472498319675,0.0075296839690097705
1600,48,0.011267906333637168,0.007829557706451995
1600,49,0.012958450926030117,0.0076698293004469065
1700,0,0.008032764568764617,0.006588174358508225
1700,1,0.006664204682771735,0.006590913496734352
1700,2,0.007137330018774812,0.006782177622303598
1700,3,0.007201642200483138,0.006717468347504751
1700,4,0.0072026563715303915,0.006773458139546995
1700,5,0.007430336523013004,0.006743074645729985
1700,6,0.007294750520033741,0.006790382645058157
1700,7,0.01104715100110465,0.006788403857036052
1700,8,0.0074663049129438126,0.007168974693813501
1700,9,0.007631171266246052,0.0069616921441620905
1700,10,0.0091038034039983,0.006826747488822726
1700,11,0.009164241998747324,0.006798971040786306
1700,12,0.007388360985301833,0.007354477465450482
1700,13,0.007729100715250611,0.0068300539731569465
1700,14,0.007685992302066125,0.007402829318633453
1700,15,0.008027970701066409,0.006973377776802403
1700,16,0.007950342119500981,0.006975772170066397
1700,17,0.009290569850525877,0.006914535382173015
1700,18,0.008021678172142166,0.0074503530232393755
1700,19,0.00929020524658472,0.0069995980003894065
1700,20,0.008245584701515818,0.007018097017640446
1700,21,0.010450127442102497,0.006954152763577692
1700,22,0.010046287087370875,0.006991849363272129
1700,23,0.00826521675930919,0.007132765816405762
1700,24,0.01100543790256514,0.006997921083331304
1700,25,0.008455116016345687,0.007354157243591564
1700,26,0.009334448202928109,0.007134942797707211
1700,27,0.0084173202923144,0.007574046590866246
1700,28,0.00846099221548885,0.0072057989914542375
1700,29,0.01194158656334477,0.0070087294839323855
1700,30,0.010446674885642222,0.007197062246677155
1700,31,0.00894037318953761,0.007212574479616651
1700,32,0.008823232414829033,0.007499311865105884
1700,33,0.013232733500507465,0.007088380593595733
1700,34,0.012297338978219738,0.0072050043168649935
1700,35,0.009024726249119042,0.007414464551650846
1700,36,0.0099107856723308,0.007230102259490723
1700,37,0.009590664132926058,0.007560690184949093
1700,38,0.009521569421331422,0.008059072530820388
1700,39,0.011198773147555179,0.007250224565845009
1700,40,0.01098680177879599,0.007423858956292717
1700,41,0.010733171666603423,0.0075091704919417746
1700,42,0.01039663434582172,0.016644820225338086
1700,43,0.010471962132682436,0.008111195339806754
1700,44,0.010998549312117467,0.007510934769602073
1700,45,0.01083485435274345,0.009287598743838776
1700,46,0.012989011676983075,0.007523678549255508
1700,47,0.010849408148418949,0.008288548897385506
1700,48,0.011342080720459197,0.007544598765978239
1700,49,0.011221766404206357,0.008003964147036191
1800,0,0.008032764568764617,0.006588174358508225
1800,1,0.006664204682771735,0.006590913496734352
1800,2,0.006388427555116351,0.006716078483667065
1800,3,0.007426272051965999,0.0066986980962782106
1800,4,0.008611059674180244,0.006628844379851118
1800,5,0.007137330018774812,0.006782177622303598
1800,6,0.007201642200483138,0.006717468347504751
1800,7,0.0072026563715303915,0.006773458139546995
1800,8,0.007430336523013004,0.006743074645729985
1800,9,0.007237301400250751,0.006753423015512294
1800,10,0.007294750520033741,0.006790382645058157
1800,11,0.01104715100110465,0.006788403857036052
1800,12,0.0074663049129438126,0.007168974693813501
1800,13,0.007631171266246052,0.0069616921441620905
1800,14,0.0091038034039983,0.006826747488822726
1800,15,0.009164241998747324,0.006798971040786306
1800,16,0.007388360985301833,0.007354477465450482
1800,17,0.007729100715250611,0.0068300539731569465
1800,18,0.007685992302066125,0.007402829318633453
1800,19,0.008027970701066409,0.006973377776802403
1800,20,0.007950342119500981,0.006975772170066397
1800,21,0.009290569850525877,0.006914535382173015
1800,22,0.007758712398935108,0.007014388078103617
1800,23,0.00929020524658472,0.0069995980003894065
1800,24,0.010450127442102497,0.006954152763577692
1800,25,0.010046287087370875,0.006991849363272129
1800,26,0.008021678172142166,0.0074503530232393755
1800,27,0.008245584701515818,0.007018097017640446
1800,28,0.01100543790256514,0.006997921083331304
1800,29,0.00826521675930919,0.007132765816405762
1800,30,0.01194158656334477,0.0070087294839323855
1800,31,0.009334448202928109,0.007134942797707211
1800,32,0.008360124232586696,0.007178196036176088
1800,33,0.013232733500507465,0.007088380593595733
1800,34,0.01181704327500388,0.0071364783828721245
1800,35,0.008455116016345687,0.007354157243591564
1800,36,0.0084173202923144,0.007574046590866246
1800,37,0.00846099221548885,0.0072057989914542375
1800,38,0.010266675548439533,0.0071838004311125525
1800,39,0.00894037318953761,0.007212574479616651
1800,40,0.008823232414829033,0.007499311865105884
1800,41,0.008491670919223315,0.007873794277686752
1800,42,0.008806421625821279,0.007607089258220845
1800,43,0.010446674885642222,0.007197062246677155
1800,44,0.009024726249119042,0.007414464551650846
1800,45,0.0099107856723308,0.007230102259490723
1800,46,0.012297338978219738,0.0072050043168649935
1800,47,0.009150156625428951,0.007521412128082328
1800,48,0.011198773147555179,0.007250224565845009
1800,49,0.010733171666603423,0.0075091704919417746
1900,0,0.006664204682771735,0.006590913496734352
1900,1,0.006388427555116351,0.006716078483667065
1900,2,0.0070966952450519025,0.0065773231882280125
1900,3,0.008032764568764617,0.006588174358508225
1900,4,0.007426272051965999,0.0066986980962782106
1900,5,0.007137330018774812,0.006782177622303598
1900,6,0.007201642200483138,0.006717468347504751
1900,7,0.008611059674180244,0.006628844379851118
1900,8,0.0072026563715303915,0.006773458139546995
1900,9,0.007430336523013004,0.006743074645729985
1900,10,0.007237301400250751,0.006753423015512294
1900,11,0.007294750520033741,0.006790382645058157
1900,12,0.01104715100110465,0.006788403857036052
1900,13,0.0074663049129438126,0.007168974693813501
1900,14,0.007631171266246052,0.0069616921441620905
1900,15,0.009164241998747324,0.006798971040786306
1900,16,0.007388360985301833,0.007354477465450482
1900,17,0.007729100715250611,0.0068300539731569465
1900,18,0.008313244018964605,0.0068034644996111115
1900,19,0.007685992302066125,0.007402829318633453
1900,20,0.008027970701066409,0.006973377776802403
1900,21,0.007950342119500981,0.006975772170066397
1900,22,0.007758712398935108,0.007014388078103617
1900,23,0.0091038034039983,0.006826747488822726
1900,24,0.008708923259556025,0.006965567232908754
1900,25,0.008021678172142166,0.0074503530232393755
1900,26,0.008245584701515818,0.007018097017640446
1900,27,0.009290569850525877,0.006914535382173015
1900,28,0.00929020524658472,0.0069995980003894065
1900,29,0.00826521675930919,0.007132765816405762
1900,30,0.010450127442102497,0.006954152763577692
1900,31,0.010046287087370875,0.006991849363272129
1900,32,0.009334448202928109,0.007134942797707211
1900,33,0.008360124232586696,0.007178196036176088
1900,34,0.01100543790256514,0.006997921083331304
1900,35,0.008455116016345687,0.007354157243591564
1900,36,0.0084173202923144,0.007574046590866246
1900,37,0.00846099221548885,0.0072057989914542375
1900,38,0.010266675548439533,0.0071838004311125525
1900,39,0.01194158656334477,0.0070087294839323855
1900,40,0.01181704327500388,0.0071364783828721245
1900,41,0.00894037318953761,0.007212574479616651
1900,42,0.008823232414829033,0.007499311865105884
1900,43,0.008491670919223315,0.007873794277686752
1900,44,0.008806421625821279,0.007607089258220845
1900,45,0.010446674885642222,0.007197062246677155
1900,46,0.013232733500507465,0.007088380593595733
1900,47,0.009024726249119042,0.007414464551650846
1900,48,0.012297338978219738,0.0072050043168649935
1900,49,0.0099107856723308,0.007230102259490723
2000,0,0.006664204682771735,0.006590913496734352
2000,1,0.006388427555116351,0.006716078483667065
2000,2,0.0070966952450519025,0.0065773231882280125
2000,3,0.00660988858469802,0.006684017105757056
2000,4,0.008032764568764617,0.006588174358508225
2000,5,0.007426272051965999,0.0066986980962782106
2000,6,0.007137330018774812,0.006782177622303598
2000,7,0.007201642200483138,0.006717468347504751
2000,8,0.008611059674180244,0.006628844379851118
2000,9,0.0072026563715303915,0.006773458139546995
2000,10,0.007430336523013004,0.006743074645729985
2000,11,0.007237301400250751,0.006753423015512294
2000,12,0.007294750520033741,0.006790382645058157
2000,13,0.01104715100110465,0.006788403857036052
2000,14,0.0074663049129438126,0.007168974693813501
2000,15,0.007631171266246052,0.0069616921441620905
2000,16,0.009164241998747324,0.006798971040786306
2000,17,0.007388360985301833,0.007354477465450482
2000,18,0.007729100715250611,0.0068300539731569465
2000,19,0.008313244018964605,0.0068034644996111115
2000,20,0.007685992302066125,0.007402829318633453
2000,21,0.008027970701066409,0.006973377776802403
2000,22,0.007950342119500981,0.006975772170066397
2000,23,0.007758712398935108,0.007014388078103617
2000,24,0.008237924183872564,0.0068450908367441166
2000,25,0.0091038034039983,0.006826747488822726
2000,26,0.008021678172142166,0.0074503530232393755
2000,27,0.008460845053419014,0.006909996438073218
2000,28,0.008245584701515818,0.007018097017640446
2000,29,0.008708923259556025,0.006965567232908754
2000,30,0.009290569850525877,0.006914535382173015
2000,31,0.00826521675930919,0.007132765816405762
2000,32,0.00929020524658472,0.0069995980003894065
2000,33,0.010450127442102497,0.006954152763577692
2000,34,0.010046287087370875,0.006991849363272129
2000,35,0.008360124232586696,0.007178196036176088
2000,36,0.00920461668927125,0.00715972658605879
2000,37,0.009334448202928109,0.007134942797707211
2000,38,0.01100543790256514,0.006997921083331304
2000,39,0.008455116016345687,0.007354157243591564
2000,40,0.0084173202923144,0.007574046590866246
2000,41,0.00846099221548885,0.0072057989914542375
2000,42,0.010266675548439533,0.0071838004311125525
2000,43,0.01194158656334477,0.0070087294839323855
2000,44,0.011029117204503731,0.007067600895262038
2000,45,0.00894037318953761,0.007212574479616651
2000,46,0.008823232414829033,0.007499311865105884
2000,47,0.008491670919223315,0.007873794277686752
2000,48,0.008806421625821279,0.007607089258220845
2000,49,0.013232733500507465,0.007088380593595733
2100,0,0.006664204682771735,0.006590913496734352
2100,1,0.006388427555116351,0.006716078483667065
2100,2,0.0070966952450519025,0.0065773231882280125
2100,3,0.00660988858469802,0.006684017105757056
2100,4,0.008032764568764617,0.006588174358508225
2100,5,0.007426272051965999,0.0066986980962782106
2100,6,0.007137330018774812,0.006782177622303598
2100,7,0.007201642200483138,0.006717468347504751
2100,8,0.007072445966535723,0.007071190642097269
2100,9,0.008611059674180244,0.006628844379851118
2100,10,0.0072026563715303915,0.006773458139546995
2100,11,0.007430336523013004,0.006743074645729985
2100,12,0.007237301400250751,0.006753423015512294
2100,13,0.007294750520033741,0.006790382645058157
2100,14,0.009611302881984862,0.0067548852212149235
2100,15,0.0074663049129438126,0.007168974693813501
2100,16,0.007631171266246052,0.0069616921441620905
2100,17,0.007388360985301833,0.007354477465450482
2100,18,0.007729100715250611,0.0068300539731569465
2100,19,0.008282207267645503,0.006791514299218426
2100,20,0.01104715100110465,0.006788403857036052
2100,21,0.007685992302066125,0.007402829318633453
2100,22,0.008027970701066409,0.006973377776802403
2100,23,0.007950342119500981,0.006975772170066397
2100,24,0.007758712398935108,0.007014388078103617
2100,25,0.008237924183872564,0.0068450908367441166
2100,26,0.009164241998747324,0.006798971040786306
2100,27,0.008313244018964605,0.0068034644996111115
2100,28,0.008174722057875047,0.006993076422487254
2100,29,0.008021678172142166,0.0074503530232393755
2100,30,0.0091038034039983,0.006826747488822726
2100,31,0.008460845053419014,0.006909996438073218
2100,32,0.008245584701515818,0.007018097017640446
2100,33,0.008708923259556025,0.006965567232908754
2100,34,0.009290569850525877,0.006914535382173015
2100,35,0.00826521675930919,0.007132765816405762
2100,36,0.00929020524658472,0.0069995980003894065
2100,37,0.010450127442102497,0.006954152763577692
2100,38,0.010046287087370875,0.006991849363272129
2100,39,0.008360124232586696,0.007178196036176088
2100,40,0.00920461668927125,0.00715972658605879
2100,41,0.008312819180398803,0.007506063029677046
2100,42,0.009334448202928109,0.007134942797707211
2100,43,0.00941909608409533,0.007102757283013017
2100,44,0.01100543790256514,0.006997921083331304
2100,45,0.0084173202923144,0.007574046590866246
2100,46,0.01194158656334477,0.0070087294839323855
2100,47,0.010266675548439533,0.0071838004311125525
2100,48,0.00846099221548885,0.0072057989914542375
2100,49,0.011029117204503731,0.007067600895262038
2200,0,0.006664204682771735,0.006590913496734352
2200,1,0.006388427555116351,0.006716078483667065
2200,2,0.0070966952450519025,0.0065773231882280125
2200,3,0.00660988858469802,0.006684017105757056
2200,4,0.008032764568764617,0.006588174358508225
2200,5,0.007426272051965999,0.0066986980962782106
2200,6,0.007137330018774812,0.006782177622303598
2200,7,0.007201642200483138,0.006717468347504751
2200,8,0.007072445966535723,0.007071190642097269
2200,9,0.008611059674180244,0.006628844379851118
2200,10,0.0072026563715303915,0.006773458139546995
2200,11,0.007430336523013004,0.006743074645729985
2200,12,0.007237301400250751,0.006753423015512294
2200,13,0.007294750520033741,0.006790382645058157
2200,14,0.009611302881984862,0.0067548852212149235
2200,15,0.0074663049129438126,0.007168974693813501
2200,16,0.007631171266246052,0.0069616921441620905
2200,17,0.007388360985301833,0.007354477465450482
2200,18,0.007729100715250611,0.0068300539731569465
2200,19,0.008282207267645503,0.006791514299218426
2200,20,0.01104715100110465,0.006788403857036052
2200,21,0.007685992302066125,0.007402829318633453
2200,22,0.008027970701066409,0.006973377776802403
2200,23,0.007950342119500981,0.006975772170066397
2200,24,0.007758712398935108,0.007014388078103617
2200,25,0.008237924183872564,0.0068450908367441166
2200,26,0.009164241998747324,0.006798971040786306
2200,27,0.008313244018964605,0.0068034644996111115
2200,28,0.008174722057875047,0.006993076422487254
2200,29,0.007978686499280463,0.007004386822470288
2200,30,0.0091038034039983,0.006826747488822726
2200,31,0.008460845053419014,0.006909996438073218
2200,32,0.008021678172142166,0.0074503530232393755
2200,33,0.008245584701515818,0.007018097017640446
2200,34,0.008708923259556025,0.006965567232908754
2200,35,0.009290569850525877,0.006914535382173015
2200,36,0.008712784420606468,0.006953797382535876
2200,37,0.00826521675930919,0.007132765816405762
2200,38,0.011400590122154199,0.006940661022083572
2200,39,0.00929020524658472,0.0069995980003894065
2200,40,0.010450127442102497,0.006954152763577692
2200,41,0.010046287087370875,0.006991849363272129
2200,42,0.008360124232586696,0.007178196036176088
2200,43,0.00920461668927125,0.00715972658605879
2200,44,0.008312819180398803,0.007506063029677046
2200,45,0.009334448202928109,0.007134942797707211
2200,46,0.00941909608409533,0.007102757283013017
2200,47,0.010677606870282186,0.006961027132919129
2200,48,0.0084173202923144,0.007574046590866246
2200,49,0.01100543790256514,0.006997921083331304
2300,0,0.006664204682771735,0.006590913496734352
2300,1,0.006388427555116351,0.006716078483667065
2300,2,0.0070966952450519025,0.0065773231882280125
2300,3,0.00660988858469802,0.006684017105757056
2300,4,0.008032764568764617,0.006588174358508225
2300,5,0.007426272051965999,0.0066986980962782106
2300,6,0.007137330018774812,0.006782177622303598
2300,7,0.007201642200483138,0.006717468347504751
2300,8,0.007072445966535723,0.007071190642097269
2300,9,0.008611059674180244,0.006628844379851118
2300,10,0.0072026563715303915,0.006773458139546995
2300,11,0.007430336523013004,0.006743074645729985
2300,12,0.007237301400250751,0.006753423015512294
2300,13,0.007294750520033741,0.006790382645058157
2300,14,0.009611302881984862,0.0067548852212149235
2300,15,0.0074663049129438126,0.007168974693813501
2300,16,0.007631171266246052,0.0069616921441620905
2300,17,0.007388360985301833,0.007354477465450482
2300,18,0.007729100715250611,0.0068300539731569465
2300,19,0.008282207267645503,0.006791514299218426
2300,20,0.01104715100110465,0.006788403857036052
2300,21,0.007685992302066125,0.007402829318633453
2300,22,0.008027970701066409,0.006973377776802403
2300,23,0.007950342119500981,0.006975772170066397
2300,24,0.007758712398935108,0.007014388078103617
2300,25,0.008237924183872564,0.0068450908367441166
2300,26,0.009164241998747324,0.006798971040786306
2300,27,0.008313244018964605,0.0068034644996111115
2300,28,0.008174722057875047,0.006993076422487254
2300,29,0.007978686499280463,0.007004386822470288
2300,30,0.007829613522970902,0.007105855154849627
2300,31,0.0091038034039983,0.006826747488822726
2300,32,0.008460845053419014,0.006909996438073218
2300,33,0.008245584701515818,0.007018097017640446
2300,34,0.008021678172142166,0.0074503530232393755
2300,35,0.009531846566024668,0.006897740581560674
2300,36,0.008708923259556025,0.006965567232908754
2300,37,0.009290569850525877,0.006914535382173015
2300,38,0.008712784420606468,0.006953797382535876
2300,39,0.00826521675930919,0.007132765816405762
2300,40,0.008255751130006483,0.0072345009199196175
2300,41,0.011400590122154199,0.006940661022083572
2300,42,0.00929020524658472,0.0069995980003894065
2300,43,0.010450127442102497,0.006954152763577692
2300,44,0.010046287087370875,0.006991849363272129
2300,45,0.008312819180398803,0.007506063029677046
2300,46,0.010677606870282186,0.006961027132919129
2300,47,0.008360124232586696,0.007178196036176088
2300,48,0.010409226575201214,0.007090011339116575
2300,49,0.00941909608409533,0.007102757283013017
2400,0,0.006664204682771735,0.006590913496734352
2400,1,0.006388427555116351,0.006716078483667065
2400,2,0.0070966952450519025,0.0065773231882280125
2400,3,0.00660988858469802,0.006684017105757056
2400,4,0.008032764568764617,0.006588174358508225
2400,5,0.007426272051965999,0.0066986980962782106
2400,6,0.007137330018774812,0.006782177622303598
2400,7,0.007201642200483138,0.006717468347504751
2400,8,0.007072445966535723,0.007071190642097269
2400,9,0.008611059674180244,0.006628844379851118
2400,10,0.0072026563715303915,0.006773458139546995
2400,11,0.007430336523013004,0.006743074645729985
2400,12,0.007237301400250751,0.006753423015512294
2400,13,0.007294750520033741,0.006790382645058157
2400,14,0.009611302881984862,0.0067548852212149235
2400,15,0.007259579998624199,0.007069854646097218
2400,16,0.008282207267645503,0.006791514299218426
2400,17,0.007446427988306525,0.0068116825950458315
2400,18,0.01104715100110465,0.006788403857036052
2400,19,0.007388360985301833,0.007354477465450482
2400,20,0.009164241998747324,0.006798971040786306
2400,21,0.008313244018964605,0.0068034644996111115
2400,22,0.0074663049129438126,0.007168974693813501
2400,23,0.007631171266246052,0.0069616921441620905
2400,24,0.007729100715250611,0.0068300539731569465
2400,25,0.0091038034039983,0.006826747488822726
2400,26,0.007685992302066125,0.007402829318633453
2400,27,0.008027970701066409,0.006973377776802403
2400,28,0.007950342119500981,0.006975772170066397
2400,29,0.007758712398935108,0.007014388078103617
2400,30,0.008237924183872564,0.0068450908367441166
2400,31,0.008177107693360885,0.006941518644902223
2400,32,0.008174722057875047,0.006993076422487254
2400,33,0.007978686499280463,0.007004386822470288
2400,34,0.007829613522970902,0.007105855154849627
2400,35,0.008460845053419014,0.006909996438073218
2400,36,0.00869874046323011,0.006867059240419193
2400,37,0.008245584701515818,0.007018097017640446
2400,38,0.008021678172142166,0.0074503530232393755
2400,39,0.00851420143440795,0.007005817139292048
2400,40,0.009531846566024668,0.006897740581560674
2400,41,0.008708923259556025,0.006965567232908754
2400,42,0.009290569850525877,0.006914535382173015
2400,43,0.008712784420606468,0.006953797382535876
2400,44,0.008255751130006483,0.0072345009199196175
2400,45,0.011400590122154199,0.006940661022083572
2400,46,0.00826521675930919,0.007132765816405762
2400,47,0.00929020524658472,0.0069995980003894065
2400,48,0.010450127442102497,0.006954152763577692
2400,49,0.010046287087370875,0.006991849363272129
2500,0,0.006664204682771735,0.006590913496734352
2500,1,0.006388427555116351,0.006716078483667065
2500,2,0.0070966952450519025,0.0065773231882280125
2500,3,0.00660988858469802,0.006684017105757056
2500,4,0.0065185648801458496,0.006738906007326628
2500,5,0.008032764568764617,0.006588174358508225
2500,6,0.007426272051965999,0.0066986980962782106
2500,7,0.007201642200483138,0.006717468347504751
2500,8,0.007137330018774812,0.006782177622303598
2500,9,0.007072445966535723,0.007071190642097269
2500,10,0.008611059674180244,0.006628844379851118
2500,11,0.0072026563715303915,0.006773458139546995
2500,12,0.007430336523013004,0.006743074645729985
2500,13,0.007237301400250751,0.006753423015512294
2500,14,0.007294750520033741,0.006790382645058157
2500,15,0.009611302881984862,0.0067548852212149235
2500,16,0.007259579998624199,0.007069854646097218
2500,17,0.008282207267645503,0.006791514299218426
2500,18,0.007446427988306525,0.0068116825950458315
2500,19,0.01104715100110465,0.006788403857036052
2500,20,0.007388360985301833,0.007354477465450482
2500,21,0.009164241998747324,0.006798971040786306
2500,22,0.008313244018964605,0.0068034644996111115
2500,23,0.0074663049129438126,0.007168974693813501
2500,24,0.007631171266246052,0.0069616921441620905
2500,25,0.007729100715250611,0.0068300539731569465
2500,26,0.0085089213184322,0.006805767478685221
2500,27,0.007685992302066125,0.007402829318633453
2500,28,0.008027970701066409,0.006973377776802403
2500,29,0.007950342119500981,0.006975772170066397
2500,30,0.007758712398935108,0.007014388078103617
2500,31,0.008237924183872564,0.0068450908367441166
2500,32,0.008177107693360885,0.006941518644902223
2500,33,0.0091038034039983,0.006826747488822726
2500,34,0.009862346226082709,0.00681756800748301
2500,35,0.008174722057875047,0.006993076422487254
2500,36,0.007978686499280463,0.007004386822470288
2500,37,0.007829613522970902,0.007105855154849627
2500,38,0.008460845053419014,0.006909996438073218
2500,39,0.00869874046323011,0.006867059240419193
2500,40,0.008245584701515818,0.007018097017640446
2500,41,0.008021678172142166,0.0074503530232393755
2500,42,0.00851420143440795,0.007005817139292048
2500,43,0.009531846566024668,0.006897740581560674
2500,44,0.008708923259556025,0.006965567232908754
2500,45,0.009290569850525877,0.006914535382173015
2500,46,0.008712784420606468,0.006953797382535876
2500,47,0.008255751130006483,0.0072345009199196175
2500,48,0.011400590122154199,0.006940661022083572
2500,49,0.00929020524658472,0.0069995980003894065
2600,0,0.006664204682771735,0.006590913496734352
2600,1,0.006388427555116351,0.006716078483667065
2600,2,0.0070966952450519025,0.0065773231882280125
2600,3,0.006467912144493715,0.006602132527695481
2600,4,0.006429977379736274,0.006903190801854864
2600,5,0.008032764568764617,0.006588174358508225
2600,6,0.00660988858469802,0.006684017105757056
2600,7,0.0065185648801458496,0.006738906007326628
2600,8,0.008611059674180244,0.006628844379851118
2600,9,0.007426272051965999,0.0066986980962782106
2600,10,0.006679095787388456,0.0067147322419369715
2600,11,0.007201642200483138,0.006717468347504751
2600,12,0.007072445966535723,0.007071190642097269
2600,13,0.00707809183057212,0.0067806169729526244
2600,14,0.0072026563715303915,0.006773458139546995
2600,15,0.007430336523013004,0.006743074645729985
2600,16,0.007237301400250751,0.006753423015512294
2600,17,0.011018191860991178,0.006729065698747094
2600,18,0.007137330018774812,0.006782177622303598
2600,19,0.009611302881984862,0.0067548852212149235
2600,20,0.007294750520033741,0.006790382645058157
2600,21,0.007259579998624199,0.007069854646097218
2600,22,0.01104715100110465,0.006788403857036052
2600,23,0.008282207267645503,0.006791514299218426
2600,24,0.007446427988306525,0.0068116825950458315
2600,25,0.007388360985301833,0.007354477465450482
2600,26,0.009164241998747324,0.006798971040786306
2600,27,0.008313244018964605,0.0068034644996111115
2600,28,0.0074663049129438126,0.007168974693813501
2600,29,0.007631171266246052,0.0069616921441620905
2600,30,0.007729100715250611,0.0068300539731569465
2600,31,0.0085089213184322,0.006805767478685221
2600,32,0.007685992302066125,0.007402829318633453
2600,33,0.008027970701066409,0.006973377776802403
2600,34,0.007950342119500981,0.006975772170066397
2600,35,0.007758712398935108,0.007014388078103617
2600,36,0.008237924183872564,0.0068450908367441166
2600,37,0.008177107693360885,0.006941518644902223
2600,38,0.008540771387294699,0.006809804997798041
2600,39,0.008174722057875047,0.006993076422487254
2600,40,0.007978686499280463,0.007004386822470288
2600,41,0.007829613522970902,0.007105855154849627
2600,42,0.008460845053419014,0.006909996438073218
2600,43,0.008430685727116416,0.0069489156083005765
2600,44,0.009862346226082709,0.00681756800748301
2600,45,0.008021678172142166,0.0074503530232393755
2600,46,0.008245584701515818,0.007018097017640446
2600,47,0.0091038034039983,0.006826747488822726
2600,48,0.00869874046323011,0.006867059240419193
2600,49,0.00851420143440795,0.007005817139292048
2700,0,0.006664204682771735,0.006590913496734352
2700,1,0.006388427555116351,0.006716078483667065
2700,2,0.0070966952450519025,0.0065773231882280125
2700,3,0.006467912144493715,0.006602132527695481
2700,4,0.006429977379736274,0.006903190801854864
2700,5,0.006448017904547909,0.006820331603640151
2700,6,0.008032764568764617,0.006588174358508225
2700,7,0.007744471296594557,0.006596105407874808
2700,8,0.0065185648801458496,0.006738906007326628
2700,9,0.006606788737140995,0.006676568148467621
2700,10,0.008611059674180244,0.006628844379851118
2700,11,0.00660988858469802,0.006684017105757056
2700,12,0.007426272051965999,0.0066986980962782106
2700,13,0.006679095787388456,0.0067147322419369715
2700,14,0.007157062323071783,0.006698859041739613
2700,15,0.007072445966535723,0.007071190642097269
2700,16,0.00707809183057212,0.0067806169729526244
2700,17,0.007201642200483138,0.006717468347504751
2700,18,0.007137330018774812,0.006782177622303598
2700,19,0.0072026563715303915,0.006773458139546995
2700,20,0.007430336523013004,0.006743074645729985
2700,21,0.007237301400250751,0.006753423015512294
2700,22,0.011018191860991178,0.006729065698747094
2700,23,0.009611302881984862,0.0067548852212149235
2700,24,0.007294750520033741,0.006790382645058157
2700,25,0.007259579998624199,0.007069854646097218
2700,26,0.01104715100110465,0.006788403857036052
2700,27,0.008282207267645503,0.006791514299218426
2700,28,0.007446427988306525,0.0068116825950458315
2700,29,0.007327029477560698,0.006831369451864688
2700,30,0.009164241998747324,0.006798971040786306
2700,31,0.008313244018964605,0.0068034644996111115
2700,32,0.007729100715250611,0.0068300539731569465
2700,33,0.007388360985301833,0.007354477465450482
2700,34,0.0074663049129438126,0.007168974693813501
2700,35,0.007602071052453918,0.006831930019222665
2700,36,0.0085089213184322,0.006805767478685221
2700,37,0.007631171266246052,0.0069616921441620905
2700,38,0.008237924183872564,0.0068450908367441166
2700,39,0.008177107693360885,0.006941518644902223
2700,40,0.008540771387294699,0.006809804997798041
2700,41,0.007685992302066125,0.007402829318633453
2700,42,0.008027970701066409,0.006973377776802403
2700,43,0.007950342119500981,0.006975772170066397
2700,44,0.007758712398935108,0.007014388078103617
2700,45,0.008460845053419014,0.006909996438073218
2700,46,0.008430685727116416,0.0069489156083005765
2700,47,0.009862346226082709,0.00681756800748301
2700,48,0.007829613522970902,0.007105855154849627
2700,49,0.00869874046323011,0.006867059240419193
2800,0,0.006664204682771735,0.006590913496734352
2800,1,0.006388427555116351,0.006716078483667065
2800,2,0.0070966952450519025,0.0065773231882280125
2800,3,0.006467912144493715,0.006602132527695481
2800,4,0.006429977379736274,0.006903190801854864
2800,5,0.006448017904547909,0.006820331603640151
2800,6,0.008032764568764617,0.006588174358508225
2800,7,0.007744471296594557,0.006596105407874808
2800,8,0.0065185648801458496,0.006738906007326628
2800,9,0.006606788737140995,0.006676568148467621
2800,10,0.008611059674180244,0.006628844379851118
2800,11,0.00660988858469802,0.006684017105757056
2800,12,0.007426272051965999,0.0066986980962782106
2800,13,0.006679095787388456,0.0067147322419369715
2800,14,0.007157062323071783,0.006698859041739613
2800,15,0.007072445966535723,0.007071190642097269
2800,16,0.00707809183057212,0.0067806169729526244
2800,17,0.007201642200483138,0.006717468347504751
2800,18,0.007137330018774812,0.006782177622303598
2800,19,0.0072026563715303915,0.006773458139546995
2800,20,0.007430336523013004,0.006743074645729985
2800,21,0.007237301400250751,0.006753423015512294
2800,22,0.011018191860991178,0.006729065698747094
2800,23,0.009611302881984862,0.0067548852212149235
2800,24,0.007294750520033741,0.006790382645058157
2800,25,0.007259579998624199,0.007069854646097218
2800,26,0.00743632066396277,0.006785329369844995
2800,27,0.007327029477560698,0.006831369451864688
2800,28,0.01104715100110465,0.006788403857036052
2800,29,0.008282207267645503,0.006791514299218426
2800,30,0.007446427988306525,0.0068116825950458315
2800,31,0.007388360985301833,0.007354477465450482
2800,32,0.009164241998747324,0.006798971040786306
2800,33,0.008313244018964605,0.0068034644996111115
2800,34,0.009075883254967332,0.006801607387263098
2800,35,0.007729100715250611,0.0068300539731569465
2800,36,0.0074663049129438126,0.007168974693813501
2800,37,0.007602071052453918,0.006831930019222665
2800,38,0.0085089213184322,0.006805767478685221
2800,39,0.007631171266246052,0.0069616921441620905
2800,40,0.008237924183872564,0.0068450908367441166
2800,41,0.008177107693360885,0.006941518644902223
2800,42,0.008540771387294699,0.006809804997798041
2800,43,0.007685992302066125,0.007402829318633453
2800,44,0.008027970701066409,0.006973377776802403
2800,45,0.007950342119500981,0.006975772170066397
2800,46,0.007758712398935108,0.007014388078103617
2800,47,0.008460845053419014,0.006909996438073218
2800,48,0.008324223068032488,0.006923366691138577
2800,49,0.009862346226082709,0.00681756800748301
2900,0,0.006664204682771735,0.006590913496734352
2900,1,0.006388427555116351,0.006716078483667065
2900,2,0.0070966952450519025,0.0065773231882280125
2900,3,0.006467912144493715,0.006602132527695481
2900,4,0.006429977379736274,0.006903190801854864
2900,5,0.006448017904547909,0.006820331603640151
2900,6,0.008032764568764617,0.006588174358508225
2900,7,0.007744471296594557,0.006596105407874808
2900,8,0.0065185648801458496,0.006738906007326628
2900,9,0.006606788737140995,0.006676568148467621
2900,10,0.007824265381367858,0.006611173612794952
2900,11,0.00660988858469802,0.006684017105757056
2900,12,0.008611059674180244,0.006628844379851118
2900,13,0.007426272051965999,0.0066986980962782106
2900,14,0.006679095787388456,0.0067147322419369715
2900,15,0.007157062323071783,0.006698859041739613
2900,16,0.007072445966535723,0.007071190642097269
2900,17,0.00707809183057212,0.0067806169729526244
2900,18,0.007201642200483138,0.006717468347504751
2900,19,0.007137330018774812,0.006782177622303598
2900,20,0.0072026563715303915,0.006773458139546995
2900,21,0.007430336523013004,0.006743074645729985
2900,22,0.007237301400250751,0.006753423015512294
2900,23,0.011018191860991178,0.006729065698747094
2900,24,0.009611302881984862,0.0067548852212149235
2900,25,0.007294750520033741,0.006790382645058157
2900,26,0.007259579998624199,0.007069854646097218
2900,27,0.00743632066396277,0.006785329369844995
2900,28,0.007327029477560698,0.006831369451864688
2900,29,0.01104715100110465,0.006788403857036052
2900,30,0.008282207267645503,0.006791514299218426
2900,31,0.007446427988306525,0.0068116825950458315
2900,32,0.007388360985301833,0.007354477465450482
2900,33,0.009164241998747324,0.006798971040786306
2900,34,0.008313244018964605,0.0068034644996111115
2900,35,0.009075883254967332,0.006801607387263098
2900,36,0.007729100715250611,0.0068300539731569465
2900,37,0.0074663049129438126,0.007168974693813501
2900,38,0.007602071052453918,0.006831930019222665
2900,39,0.007502648105952796,0.006903163069357565
2900,40,0.0085089213184322,0.006805767478685221
2900,41,0.008237924183872564,0.0068450908367441166
2900,42,0.007631171266246052,0.0069616921441620905
2900,43,0.008177107693360885,0.006941518644902223
2900,44,0.008540771387294699,0.006809804997798041
2900,45,0.007685992302066125,0.007402829318633453
2900,46,0.007758712398935108,0.007014388078103617
2900,47,0.008324223068032488,0.006923366691138577
2900,48,0.008027970701066409,0.006973377776802403
2900,49,0.008460845053419014,0.006909996438073218
3000,0,0.006664204682771735,0.006590913496734352
3000,1,0.006388427555116351,0.006716078483667065
3000,2,0.0070966952450519025,0.0065773231882280125
3000,3,0.006467912144493715,0.006602132527695481
3000,4,0.006429977379736274,0.006903190801854864
3000,5,0.006448017904547909,0.006820331603640151
3000,6,0.008032764568764617,0.006588174358508225
3000,7,0.007744471296594557,0.006596105407874808
3000,8,0.0065185648801458496,0.006738906007326628
3000,9,0.006606788737140995,0.006676568148467621
3000,10,0.007824265381367858,0.006611173612794952
3000,11,0.00660988858469802,0.006684017105757056
3000,12,0.008611059674180244,0.006628844379851118
3000,13,0.007426272051965999,0.0066986980962782106
3000,14,0.006679095787388456,0.0067147322419369715
3000,15,0.007157062323071783,0.006698859041739613
3000,16,0.007072445966535723,0.007071190642097269
3000,17,0.00707809183057212,0.0067806169729526244
3000,18,0.007201642200483138,0.006717468347504751
3000,19,0.007873237400737088,0.006705825930112597
3000,20,0.007137330018774812,0.006782177622303598
3000,21,0.0072026563715303915,0.006773458139546995
3000,22,0.007430336523013004,0.006743074645729985
3000,23,0.007237301400250751,0.006753423015512294
3000,24,0.011018191860991178,0.006729065698747094
3000,25,0.009611302881984862,0.0067548852212149235
3000,26,0.007294750520033741,0.006790382645058157
3000,27,0.007259579998624199,0.007069854646097218
3000,28,0.00743632066396277,0.006785329369844995
3000,29,0.007327029477560698,0.006831369451864688
3000,30,0.01104715100110465,0.006788403857036052
3000,31,0.008282207267645503,0.006791514299218426
3000,32,0.007446427988306525,0.0068116825950458315
3000,33,0.007388360985301833,0.007354477465450482
3000,34,0.009164241998747324,0.006798971040786306
3000,35,0.008313244018964605,0.0068034644996111115
3000,36,0.009075883254967332,0.006801607387263098
3000,37,0.0074663049129438126,0.007168974693813501
3000,38,0.007602071052453918,0.006831930019222665
3000,39,0.007502648105952796,0.006903163069357565
3000,40,0.007708973401866437,0.006829287872385237
3000,41,0.0085089213184322,0.006805767478685221
3000,42,0.007631171266246052,0.0069616921441620905
3000,43,0.007729100715250611,0.0068300539731569465
3000,44,0.008540771387294699,0.006809804997798041
3000,45,0.007685992302066125,0.007402829318633453
3000,46,0.007758712398935108,0.007014388078103617
3000,47,0.008237924183872564,0.0068450908367441166
3000,48,0.008027970701066409,0.006973377776802403
3000,49,0.008177107693360885,0.006941518644902223
